Section,Key,English,Placeholders,Context,Afrikaans (af),Spanish (es),Portuguese (pt),isiZulu (zu)
App,appTitle,Journey Forward,,Application name,,,,
Nav,navHome,Home,,,,,,
Nav,navProgress,Progress,,,,,,
Nav,navToolkit,Toolkit,,,,,,
Nav,navJournal,Journal,,,,,,
Nav,navProfile,Profile,,,,,,
Common,commonSave,Save,,,,,,
Common,commonCancel,Cancel,,,,,,
Common,commonContinue,Continue,,,,,,
Common,commonBack,Back,,,,,,
Common,commonNext,Next,,,,,,
Common,commonRestore,Restore,,,,,,
Common,commonClear,Clear,,,,,,
Common,commonCopied,Copied to clipboard,,,,,,
Common,commonDays,"{count, plural, =1{1 day} other{{count} days}}",{count},,,,,
Common,commonMinutes,{count} minutes,{count},,,,,
Common,commonMin,{count} min,{count},,,,,
Lock,lockAppName,Journey Forward,,,,,,
Lock,lockAuthenticateSubtitle,Authenticate to continue,,,,,,
Lock,lockTapToAuthenticate,Tap to authenticate,,,,,,
Lock,lockEnterYourPin,Enter your PIN,,,,,,
Lock,lockUsePinInstead,Use PIN instead,,,,,,
Lock,lockIncorrectPin,Incorrect PIN. Try again.,,,,,,
Lock,lockBiometricsNotAvailable,Biometrics not available on this device.,,,,,,
Lock,lockAuthCancelled,Authentication cancelled.,,,,,,
Lock,lockUnlockReason,Unlock Journey Forward,,,,,,
Lock,lockTooManyAttempts,Too many attempts. Try again later.,,,,,,
Lock,lockPermanentlyLockedOut,Biometrics locked. Restart your device.,,,,,,
Lock,lockBiometricsUnavailable,Biometrics unavailable.,,,,,,
Lock,lockAuthFailed,Authentication failed.,,,,,,
Lock,lockNotEnrolled,No biometrics enrolled. Use your device PIN.,,,,,,
Onb,onbStepIndicator,Step {step} of {total},"{step}, {total}",,,,,
Onb,onbContinue,Continue,,,,,,
Onb,onbBeginMyJourney,Begin my journey,,,,,,
Onb,onbLetsBegin,Let's begin,,,,,,
Onb,onbWelcomeTitle,"A new chapter
begins.",,,,,,
Onb,onbWelcomeBody,"Journey Forward is your private, on-device companion for building a sober life — one day at a time.",,,,,,
Onb,onbPrivacy100OnDevice,100% on-device,,,,,,
Onb,onbPrivacy100OnDeviceSub,Your data stays on this phone unless you choose to export it,,,,,,
Onb,onbPrivacyNoAccount,No account needed,,,,,,
Onb,onbPrivacyNoAccountSub,"No email, no sign-up, no cloud",,,,,,
Onb,onbPrivacyZeroTracking,Zero tracking,,,,,,
Onb,onbPrivacyZeroTrackingSub,"No analytics, no ads, no data collection",,,,,,
Onb,onbNameHeadline,"What should
we call you?",,,,,,
Onb,onbNameSub,Your name stays private — only shown within this app.,,,,,,
Onb,onbNameHint,Your name,,,,,,
Onb,onbJourneyTitle,What are you stepping away from?,,,,,,
Onb,onbJourneySub,"This helps Journey Forward speak to your journey — your healing timeline, your milestones. You can skip it or change it any time in Settings.",,,,,,
Onb,onbJourneyPrivacyNote,"Like everything in this app, your answer never leaves your phone.",,,,,,
Home,homeBackupNudge,Beautiful milestone — a 2-minute backup keeps it safe forever.,,,,,,
Home,homeBackupNudgeAction,Back up,,,,,,
Onb,onbNameError,Please enter your name.,,,,,,
Onb,onbDateHeadline,"When did your
journey begin?",,,,,,
Onb,onbDateSub,Already started? Pick that day. Planning ahead? Choose a future date and we'll count down to it. You can change this anytime.,,,,,,
Onb,onbDatePickerHelp,Choose your start date,,,,,,
Onb,onbSoberSince,Sober since,,,,,,
Onb,onbDaysOfCourage,{count} days of courage,{count},,,,,
Onb,onbDaysOfCourageLabel,days of courage,,,,,,
Onb,onbSpendHeadline,"What did
alcohol cost you?",,,,,,
Onb,onbSpendSub,Your daily spend lets us show how much you're reclaiming. Leave it at 0 to skip — this calculation stays on your device.,,,,,,
Onb,onbSpendAmountHint,Amount per day,,,,,,
Onb,onbSpendSavingsPreview,In 30 days you'd save {currency}{amount},"{currency}, {amount}",,,,,
Onb,onbSpendSkipNote,You can always add this later in your profile settings.,,,,,,
Onb,onbSecurityHeadline,"Protect
your space.",,,,,,
Onb,onbSecuritySub,Lock methods run 100% on-device — your PIN never touches a server.,,,,,,
Onb,onbSecurityNoLockLabel,No lock,,,,,,
Onb,onbSecurityNoLockSub,Open straight to your journey,,,,,,
Onb,onbSecurityBiometricLabel,Biometric,,,,,,
Onb,onbSecurityBiometricSub,Face ID or fingerprint — fastest and most private,,,,,,
Onb,onbSecurityPinLabel,4-digit PIN,,,,,,
Onb,onbSecurityPinSub,"Your PIN is salted, hashed, and stored in your device's encrypted storage",,,,,,
Onb,onbPinCreateHeadline,"Create
your PIN.",,,,,,
Onb,onbPinConfirmHeadline,"Confirm
your PIN.",,,,,,
Onb,onbPinCreateSub,"Your PIN is salted and hashed, then stored in your device's encrypted storage — never in plaintext, never in the cloud.",,,,,,
Onb,onbPinConfirmSub,Enter the same 4 digits to confirm.,,,,,,
Onb,onbPinConfirmButton,Confirm PIN,,,,,,
Onb,onbPinDigitsError,Enter all 4 digits.,,,,,,
Onb,onbPinMismatchError,PINs don't match. Try again.,,,,,,
Onb,onbNotifHeadline,"Daily
support.",,,,,,
Onb,onbNotifSub,"All notifications are local — your phone generates them, no server involved.",,,,,,
Onb,onbNotifPrivacyNote,Notifications fire from your device. No push servers. No data leaves your phone.,,,,,,
Onb,onbNotifMorningLabel,Morning motivation,,,,,,
Onb,onbNotifMorningSub,A daily affirmation to start strong,,,,,,
Onb,onbNotifEveningLabel,Evening check-in,,,,,,
Onb,onbNotifEveningSub,An evening reminder to reflect,,,,,,
Onb,onbNotifMilestonesLabel,Milestone alerts,,,,,,
Onb,onbNotifMilestonesSub,"Celebrate 1 day, 1 week, 30 days…",,,,,,
Onb,onbNotifMorningTime,Morning time,,,,,,
Onb,onbNotifEveningTime,Evening time,,,,,,
Onb,onbNotifChangeAnytime,You can change these anytime in Settings.,,,,,,
Onb,onbFinishReadyWithName,"You're ready, {name}! 🌿",{name},,,,,
Onb,onbFinishReady,You're ready! 🌿,,,,,,
Onb,onbFinishBodyDays,"You've already been on this journey for {days, plural, =1{1 day} other{{days} days}}. Every single one matters.",{days},,,,,
Onb,onbFinishBodyToday,Your journey starts right now. You've got this.,,,,,,
Onb,onbFinishPrivacyNote,"Your journey lives only on this device — private, secure, and completely yours.",,,,,,
Home,homeFriendFallback,friend,,,,,,
Home,homeGreetingFirst,"Hi {name},",{name},,,,,
Home,homeGreetingReturning,"Welcome back, {name}.",{name},,,,,
Home,homeTagline,Every day forward is a win.,,,,,,
Home,homeErrorPrefix,Error: {message},{message},,,,,
Home,homeDaysSober,DAYS SOBER,,,,,,
Home,homeDaysLabel,days,,,,,,
Home,homeSerenityTagline,"A clearer mind.
A stronger you.",,,,,,
Home,homeMoneyReclaimed,"MONEY
RECLAIMED",,,,,,
Home,homeMoneyAllTime,All time,,,,,,
Home,homeMoneyInvesting,"You're investing in
your future self.",,,,,,
Home,homeMoneyGoalSavedOf,{saved} saved of {goal} goal,"{saved}, {goal}",,,,,
Home,homeMoneyGoalPercent,{percent}% complete,{percent},,,,,
Home,homeMoneyGoalClear,Clear goal,,,,,,
Home,homeMyReasonTitle,My Reason,,,,,,
Home,homeMyReasonRotates,rotates daily,,,,,,
Home,homeMyReasonAddPrompt,"Add your reasons
in Profile",,,,,,
Home,homeYourJourney,YOUR JOURNEY,,,,,,
Home,homeJourneySubtitle,Milestones are ahead. Keep going.,,,,,,
Home,homeMilestoneNode0Label,First hours,,,,,,
Home,homeMilestoneNode1Label,Clear morning,,,,,,
Home,homeMilestoneNode2Label,Energy returns,,,,,,
Home,homeMilestoneNode3Label,Mind healing,,,,,,
Home,homeMilestoneNode4Label,A new chapter,,,,,,
Home,homeMilestoneTimingDone,done,,,,,,
Home,homeDailyPledge,DAILY PLEDGE,,,,,,
Home,homePledgeHint,"e.g., Today I choose clarity.",,,,,,
Home,homePledgeCalmDays,{count} calm days kept,{count},,,,,
Home,homeDailyGratitude,DAILY GRATITUDE,,,,,,
Home,homeGratitudeHint,"e.g., I'm grateful for
another fresh start.",,,,,,
Home,homeGratitudeLoggedToday,Logged today,,,,,,
Home,homeWeeklyGoals,Weekly Goals,,,,,,
Home,homeDailyMissions,TODAY'S STEPS,,,,,,
Home,homeMissionsSubtitle,Small acts of care for today.,,,,,,
Home,homeMissionsProgress,{done} of {total} complete,"{done}, {total}",,,,,
Home,homeDailyCheckIn,DAILY CHECK-IN,,,,,,
Home,homeCheckInCraving,Craving,,,,,,
Home,homeCheckInThought,Thought,,,,,,
Home,homeCheckInActivity,Activity,,,,,,
Home,homeCheckInSleep,Sleep,,,,,,
Home,homeQuittingTimeline,QUITTING TIMELINE,,,,,,
Home,homeRecoveryBannerSub0,See what's happening in your body,,,,,,
Home,homeRecoveryBannerSub1,Your body is already healing,,,,,,
Home,homeRecoveryBannerSub2,Your brain chemistry is shifting,,,,,,
Home,homeRecoveryBannerSub3,Your body has had a real break from the load,,,,,,
Home,homeRecoveryBannerSub4,You are building real momentum,,,,,,
Home,homeEditProfile,Edit Profile,,,,,,
Home,homeProfileNameLabel,Name,,,,,,
Home,homeProfileNameHint,Your name,,,,,,
Home,homeSoberSince,Sober since,,,,,,
Home,homeProfileDailySpend,Daily spend,,,,,,
Home,homeProfileSpendHint,0,,,,,,
Home,homeCravingSheetTitle,Log a craving,,,,,,
Home,homeCravingSheetSubtitle,Noticing the shape of a craving helps you understand the pattern without obeying it.,,,,,,
Home,homeCravingStrengthQuestion,How strong was the craving?,,,,,,
Home,homeCravingIntensityLabel,Intensity,,,,,,
Home,homeCravingIntensityValue,{value} / 10,{value},,,,,
Home,homeCravingTriggerQuestion,What triggered it?,,,,,,
Home,homeCravingDurationQuestion,How long did it last?,,,,,,
Home,homeCravingDurationValue,{minutes} minutes,{minutes},,,,,
Home,homeCravingNotesHint,"Notes (optional) - e.g., passed a bar on the way home.",,,,,,
Home,homeSaveCraving,Save craving,,,,,,
Home,homeThoughtSheetTitle,Log a thought,,,,,,
Home,homeThoughtSheetSubtitle,Noticing thoughts about alcohol is normal. Logging them helps reveal the pattern.,,,,,,
Home,homeThoughtWhatQuestion,What was the thought?,,,,,,
Home,homeThoughtWriteHint,Write the thought in your own words.,,,,,,
Home,homeThoughtStrengthQuestion,How strong was the thought?,,,,,,
Home,homeThoughtTriggerQuestion,What triggered the thought?,,,,,,
Home,homeThoughtDurationQuestion,How long did it last?,,,,,,
Home,homeThoughtToneLabel,Tone,,,,,,
Home,homeThoughtNotesHint,"Notes (optional) - e.g., saw an ad and noticed the thought arrive.",,,,,,
Home,homeSaveThought,Save thought,,,,,,
Home,homeActivitySheetTitle,Log activity,,,,,,
Home,homeActivitySheetSubtitle,Movement can shift the nervous system. Capture enough detail to see what truly helps.,,,,,,
Home,homeActivityTypeQuestion,What did you do?,,,,,,
Home,homeActivityTypeWalk,Walk,,,,,,
Home,homeActivityTypeExercise,Exercise,,,,,,
Home,homeActivityTypeYoga,Yoga,,,,,,
Home,homeActivityTypeOther,Other,,,,,,
Home,homeActivityEffortQuestion,How much effort did it take?,,,,,,
Home,homeActivityOutcomeQuestion,How did you feel after?,,,,,,
Home,homeActivityDurationLabel,Duration,,,,,,
Home,homeActivityDurationValue,{minutes} min,{minutes},,,,,
Home,homeActivityNotesHint,"Notes (optional) - e.g., walked after dinner and felt steadier.",,,,,,
Home,homeSaveActivity,Save activity,,,,,,
Home,homeSleepSheetTitle,Log sleep,,,,,,
Home,homeSleepSheetSubtitle,Sleep is one of the clearest signals in recovery. Small details help reveal the trend.,,,,,,
Home,homeSleepHoursLabel,Hours slept,,,,,,
Home,homeSleepHoursValue,{hours} hrs,{hours},,,,,
Home,homeSleepQualityLabel,Sleep quality,,,,,,
Home,homeSleepFactorsQuestion,What affected your sleep?,,,,,,
Home,homeSleepNotesHint,"Notes (optional) - e.g., woke at 3am with cravings, fell back asleep.",,,,,,
Home,homeSaveSleep,Save sleep,,,,,,
Home,homeSeverityBrief,Brief,,,,,,
Home,homeSeverityMild,Mild,,,,,,
Home,homeSeverityModerate,Moderate,,,,,,
Home,homeSeverityStrong,Strong,,,,,,
Home,homeSeverityConsuming,Consuming,,,,,,
Home,homeTriggerStress,Stress,,,,,,
Home,homeTriggerSocial,Social,,,,,,
Home,homeTriggerBoredom,Boredom,,,,,,
Home,homeTriggerTimeOfDay,Time of day,,,,,,
Home,homeTriggerCelebration,Celebration,,,,,,
Home,homeTriggerSadness,Sadness,,,,,,
Home,homeTriggerLocation,Location,,,,,,
Home,homeTriggerMemory,Memory,,,,,,
Home,homeTriggerHungry,Hungry,,,,,,
Home,homeTriggerAngry,Angry,,,,,,
Home,homeTriggerTired,Tired,,,,,,
Home,homeEffortGentle,Light,,,,,,
Home,homeEffortModerate,Moderate,,,,,,
Home,homeEffortStrong,Strong,,,,,,
Home,homeOutcomeCalmer,Calmer,,,,,,
Home,homeOutcomeClearer,Clearer,,,,,,
Home,homeOutcomeEnergized,Energized,,,,,,
Home,homeOutcomeSame,Same,,,,,,
Home,homeSleepQualityPoor,Poor,,,,,,
Home,homeSleepQualityFair,Fair,,,,,,
Home,homeSleepQualityOK,OK,,,,,,
Home,homeSleepQualityGood,Good,,,,,,
Home,homeSleepQualityGreat,Great,,,,,,
Home,homeSleepFactorRestless,Restless,,,,,,
Home,homeSleepFactorWokeOften,Woke often,,,,,,
Home,homeSleepFactorDreams,Dreams,,,,,,
Home,homeSleepFactorStress,Stress,,,,,,
Home,homeSleepFactorCravings,Cravings,,,,,,
Home,homeSleepFactorLateCaffeine,Late caffeine,,,,,,
Home,homeToneNegative,Negative,,,,,,
Home,homeToneNeutral,Neutral,,,,,,
Home,homeTonePositive,Positive,,,,,,
Home,homeQuote0,Every sober day is an act of love for your future self.,,,,,,
Home,homeQuote1,You do not have to feel ready. You only have to begin.,,,,,,
Home,homeQuote2,Healing is allowed to be quiet.,,,,,,
Home,homeQuote3,One calm choice can change the shape of a day.,,,,,,
Home,homeQuote4,You are not starting over. You are starting wiser.,,,,,,
Home,homeQuote5,"Recovery is not linear, but it is still real.",,,,,,
Home,homeQuote6,Even a difficult sober day is proof that you are choosing yourself.,,,,,,
Home,homeQuote7,The version of you that kept going is still here.,,,,,,
Home,homeQuote8,Strength can look like softness.,,,,,,
Home,homeQuote9,Clarity is built one honest moment at a time.,,,,,,
Home,homeQuote10,You have survived hard days before. Today is another step forward.,,,,,,
Home,homeQuote11,Cravings are temporary. Your progress is still here.,,,,,,
Home,homeQuote12,Each morning is another chance to care for yourself.,,,,,,
Home,homeQuote13,Progress does not need to be perfect to be meaningful.,,,,,,
Home,homeQuote14,You are becoming someone you can trust.,,,,,,
Home,homeQuote15,Small choices become a safer life.,,,,,,
Home,homeQuote16,Peace is not rushed. It is practised.,,,,,,
Home,homeQuote17,You are allowed to outgrow what once numbed you.,,,,,,
Home,homeQuote18,The urge will pass. Your dignity can remain.,,,,,,
Home,homeQuote19,Recovery is a return to yourself.,,,,,,
Home,homeQuote20,You are not behind. You are healing at human speed.,,,,,,
Home,homeQuote21,A softer life is still a strong life.,,,,,,
Home,homeQuote22,Your future self is being protected by today's choices.,,,,,,
Home,homeQuote23,You can pause. You can breathe. You can choose again.,,,,,,
Home,homeQuote24,Every honest day is part of the way forward.,,,,,,
Home,homeQuote25,You do not need to punish yourself to change.,,,,,,
Home,homeQuote26,The quiet work counts.,,,,,,
Home,homeQuote27,Your nervous system is learning safety again.,,,,,,
Home,homeQuote28,You are worthy of care before you feel strong.,,,,,,
Home,homeQuote29,Let today be simple. Let today be enough.,,,,,,
Home,homeQuote30,One breath can become one minute. One minute can become one day.,,,,,,
Home,homeQuote31,You are not your craving. You are the one witnessing it.,,,,,,
Home,homeQuote32,You can build a life that no longer asks you to escape it.,,,,,,
Home,homeQuote33,There is strength in staying.,,,,,,
Home,homeQuote34,Healing begins where shame loses its voice.,,,,,,
Home,homeQuote35,You are allowed to need support.,,,,,,
Home,homeQuote36,The path forward is yours — one step at a time.,,,,,,
Home,homeQuote37,Your progress is not erased by a hard moment.,,,,,,
Home,homeQuote38,"Choose the next right thing, not the perfect thing.",,,,,,
Home,homeQuote39,Sobriety is not a punishment. It is protection.,,,,,,
Home,homeQuote40,You are learning how to come home to yourself.,,,,,,
Home,homeQuote41,The life you want is built in ordinary moments.,,,,,,
Home,homeQuote42,You can be proud without being finished.,,,,,,
Home,homeQuote43,Nothing about healing needs to be loud to be real.,,,,,,
Home,homeQuote44,Your peace is worth protecting.,,,,,,
Home,homeQuote45,"A craving is a wave, not a command.",,,,,,
Home,homeQuote46,You are building evidence that you can trust yourself.,,,,,,
Home,homeQuote47,Today does not need to be conquered. It only needs to be lived.,,,,,,
Home,homeQuote48,There is still time to become someone new.,,,,,,
Home,homeQuote49,Keep going. Every step still counts.,,,,,,
Home,homeMission0,Drink a full glass of water slowly.,,,,,,
Home,homeMission1,Take a 10-minute walk outside.,,,,,,
Home,homeMission2,Write down three things you are grateful for.,,,,,,
Home,homeMission3,Send a kind message to someone you trust.,,,,,,
Home,homeMission4,Do five minutes of slow breathing.,,,,,,
Home,homeMission5,Read a few pages of something calming.,,,,,,
Home,homeMission6,Eat one nourishing meal without distractions.,,,,,,
Home,homeMission7,"Prepare for an earlier, softer night.",,,,,,
Home,homeMission8,Do one kind thing for yourself today.,,,,,,
Home,homeMission9,Sit in silence for three minutes.,,,,,,
Home,homeMission10,Write one honest sentence in your journal.,,,,,,
Home,homeMission11,Put your phone away for one quiet hour.,,,,,,
Home,homeMission12,"Stretch your shoulders, neck, and back.",,,,,,
Home,homeMission13,Listen to music that steadies you.,,,,,,
Home,homeMission14,Tidy one small area of your space.,,,,,,
Home,homeMission15,Step outside and notice the sky.,,,,,,
Home,homeMission16,"Say ""I am allowed to heal"" three times.",,,,,,
Home,homeMission17,Make yourself something warm to drink.,,,,,,
Home,homeMission18,Reach out to your support network.,,,,,,
Home,homeMission19,Honour the progress you have made today.,,,,,,
Home,homeMission20,Take five slow breaths before your next decision.,,,,,,
Home,homeMission21,Write down one trigger you noticed today.,,,,,,
Home,homeMission22,Write down one thing that helped you today.,,,,,,
Home,homeMission23,Place one comforting item near your bed.,,,,,,
Home,homeMission24,Wash your face slowly and mindfully.,,,,,,
Home,homeMission25,Spend 10 minutes away from screens.,,,,,,
Home,homeMission26,Prepare tomorrow's first small task.,,,,,,
Home,homeMission27,Let one room feel a little lighter.,,,,,,
Home,homeMission28,Notice one thing your body needs.,,,,,,
Home,homeMission29,Choose a meal that supports your energy.,,,,,,
Home,homeMission30,Read one recovery note or affirmation.,,,,,,
Home,homeMission31,Save one emergency support number somewhere visible.,,,,,,
Home,homeMission32,Write a short note to your future self.,,,,,,
Home,homeMission33,Take a warm shower or bath.,,,,,,
Home,homeMission34,Breathe through a craving without judging it.,,,,,,
Home,homeMission35,Name the emotion underneath the urge.,,,,,,
Home,homeMission36,Do one thing slowly on purpose.,,,,,,
Home,homeMission37,Put clean water beside your bed.,,,,,,
Home,homeMission38,Open a window and take three deep breaths.,,,,,,
Home,homeMission39,Write down one reason you are continuing.,,,,,,
Home,homeMission40,Spend five minutes in natural light.,,,,,,
Home,homeMission41,Make your bed with care.,,,,,,
Home,homeMission42,Delete or mute one digital trigger.,,,,,,
Home,homeMission43,Choose rest before exhaustion.,,,,,,
Home,homeMission44,"Write one sentence that begins: ""Today I protected…""",,,,,,
Home,homeMission45,"Notice one moment of peace, however small.",,,,,,
Home,homeMission46,Thank yourself for staying present.,,,,,,
Home,homeMission47,Do a 10-minute reset of your space.,,,,,,
Home,homeMission48,Choose one boundary that supports your recovery.,,,,,,
Home,homeMission49,Let yourself pause before reacting.,,,,,,
Home,homeMission50,Write down one thing you are learning about yourself.,,,,,,
Home,homeMission51,Prepare a simple comfort plan for tonight.,,,,,,
Home,homeMission52,Place your hand on your chest and breathe slowly.,,,,,,
Home,homeMission53,"Drink tea, water, or something calming without rushing.",,,,,,
Home,homeMission54,"Spend a few minutes with a plant, pet, or quiet object.",,,,,,
Home,homeMission55,Write down one thing you do not need to carry today.,,,,,,
Home,homeMission56,Take a short walk without headphones.,,,,,,
Home,homeMission57,Do one practical task you have been avoiding.,,,,,,
Home,homeMission58,End the day by naming one quiet victory.,,,,,,
Home,homeMission59,Remind yourself: small steps still count.,,,,,,
Journal,journalTitle,My Journal,,,,,,
Journal,journalTabJournal,Journal,,,,,,
Journal,journalTabAffirm,Affirm,,,,,,
Journal,journalTabVision,Vision,,,,,,
Journal,journalTabZen,Zen,,,,,,
Journal,journalAffirm0,I am worthy of love and belonging.,,,,,,
Journal,journalAffirm1,I choose recovery every single day.,,,,,,
Journal,journalAffirm2,My past does not define my future.,,,,,,
Journal,journalAffirm3,I am getting stronger with each passing moment.,,,,,,
Journal,journalAffirm4,"I deserve peace, health, and happiness.",,,,,,
Journal,journalAffirm5,I am proud of how far I have come.,,,,,,
Journal,journalAffirm6,I have the strength to overcome challenges.,,,,,,
Journal,journalAffirm7,Today I choose myself.,,,,,,
Journal,journalAffirm8,I am healing and growing every day.,,,,,,
Journal,journalAffirm9,I am not alone in this journey.,,,,,,
Journal,journalAffirm10,My sobriety is my greatest achievement.,,,,,,
Journal,journalAffirm11,I release what no longer serves me.,,,,,,
Journal,journalAffirm12,I am capable of change.,,,,,,
Journal,journalAffirm13,Every sober day is a victory.,,,,,,
Journal,journalAffirm14,I am becoming the person I want to be.,,,,,,
Zen,zenQuote0,The present moment is the only time over which we have dominion.,,,,,,
Zen,zenQuoteAuthor0,Thich Nhat Hanh,,,,,,
Zen,zenQuote1,You don't have to control your thoughts. You just have to stop letting them control you.,,,,,,
Zen,zenQuoteAuthor1,Dan Millman,,,,,,
Zen,zenQuote2,"Peace is not the absence of conflict, but the ability to cope with it.",,,,,,
Zen,zenQuoteAuthor2,Mahatma Gandhi,,,,,,
Zen,zenQuote3,Recovery is not a race. You don't have to feel guilty if it takes you longer than you thought it would.,,,,,,
Zen,zenQuoteAuthor3,Anonymous,,,,,,
Zen,zenQuote4,"Every day is a new beginning. Take a deep breath, smile, and start again.",,,,,,
Zen,zenQuoteAuthor4,Anonymous,,,,,,
Zen,zenQuote5,The wound is the place where the Light enters you.,,,,,,
Zen,zenQuoteAuthor5,Rumi,,,,,,
Zen,zenQuote6,You are enough just as you are.,,,,,,
Zen,zenQuoteAuthor6,Meghan Markle,,,,,,
Zen,zenQuote7,Healing is not linear.,,,,,,
Zen,zenQuoteAuthor7,Anonymous,,,,,,
Zen,zenQuote8,What lies behind us and what lies before us are tiny matters compared to what lies within us.,,,,,,
Zen,zenQuoteAuthor8,Ralph Waldo Emerson,,,,,,
Zen,zenQuote9,You have been assigned this mountain to show others it can be moved.,,,,,,
Zen,zenQuoteAuthor9,Mel Robbins,,,,,,
Zen,zenQuote10,It does not matter how slowly you go as long as you do not stop.,,,,,,
Zen,zenQuoteAuthor10,Confucius,,,,,,
Zen,zenQuote11,The hardest step she ever took was to blindly trust in who she was.,,,,,,
Zen,zenQuoteAuthor11,Atticus,,,,,,
Zen,zenQuote12,"One day at a time — this is enough. Do not look back and grieve over the past, for it is gone.",,,,,,
Zen,zenQuoteAuthor12,Ida Scott Taylor,,,,,,
Zen,zenQuote13,Rock bottom became the solid foundation on which I rebuilt my life.,,,,,,
Zen,zenQuoteAuthor13,J.K. Rowling,,,,,,
Zen,zenQuote14,Be patient with yourself. You are a child of the universe.,,,,,,
Zen,zenQuoteAuthor14,Max Ehrmann,,,,,,
Zen,zenQuote15,In the middle of every difficulty lies opportunity.,,,,,,
Zen,zenQuoteAuthor15,Albert Einstein,,,,,,
Zen,zenQuote16,Your present circumstances don't determine where you can go; they merely determine where you start.,,,,,,
Zen,zenQuoteAuthor16,Nido Qubein,,,,,,
Zen,zenQuote17,The secret of getting ahead is getting started.,,,,,,
Zen,zenQuoteAuthor17,Mark Twain,,,,,,
Zen,zenQuote18,"You are braver than you believe, stronger than you seem, and smarter than you think.",,,,,,
Zen,zenQuoteAuthor18,A.A. Milne,,,,,,
Zen,zenQuote19,Don't watch the clock; do what it does. Keep going.,,,,,,
Zen,zenQuoteAuthor19,Sam Levenson,,,,,,
Zen,zenQuote20,"Accept yourself, love yourself, and keep moving forward.",,,,,,
Zen,zenQuoteAuthor20,Roy T. Bennett,,,,,,
Zen,zenQuote21,The journey of a thousand miles begins with one step.,,,,,,
Zen,zenQuoteAuthor21,Lao Tzu,,,,,,
Zen,zenQuote22,"You can't go back and change the beginning, but you can start where you are and change the ending.",,,,,,
Zen,zenQuoteAuthor22,C.S. Lewis,,,,,,
Zen,zenQuote23,Strength does not come from physical capacity. It comes from an indomitable will.,,,,,,
Zen,zenQuoteAuthor23,Mahatma Gandhi,,,,,,
Zen,zenQuote24,Every moment is a fresh beginning.,,,,,,
Zen,zenQuoteAuthor24,T.S. Eliot,,,,,,
Zen,zenQuote25,"Just when the caterpillar thought the world was ending, he turned into a butterfly.",,,,,,
Zen,zenQuoteAuthor25,Proverb,,,,,,
Zen,zenQuote26,"Courage doesn't always roar. Sometimes courage is the quiet voice at the end of the day saying, I will try again tomorrow.",,,,,,
Zen,zenQuoteAuthor26,Mary Anne Radmacher,,,,,,
Zen,zenQuote27,The only way out is through.,,,,,,
Zen,zenQuoteAuthor27,Robert Frost,,,,,,
Zen,zenQuote28,You are not your past. You are the lessons you've learned from it.,,,,,,
Zen,zenQuoteAuthor28,Anonymous,,,,,,
Zen,zenQuote29,"Progress, not perfection.",,,,,,
Zen,zenQuoteAuthor29,Anonymous,,,,,,
Progress,progressTitle,Progress,,,,,,
Progress,progressDaysChip,{days} days,{days},,,,,
Progress,progressTabJourney,Journey,,,,,,
Progress,progressTabInsights,Insights,,,,,,
Progress,progressMilestoneLabel1,First Day,,,,,,
Progress,progressMilestoneLabel2,Two Days,,,,,,
Progress,progressMilestoneLabel3,Three Days,,,,,,
Progress,progressMilestoneLabel5,Five Days,,,,,,
Progress,progressMilestoneLabel7,One Week,,,,,,
Progress,progressMilestoneLabel10,Ten Days,,,,,,
Progress,progressMilestoneLabel14,Two Weeks,,,,,,
Progress,progressMilestoneLabel21,Three Weeks,,,,,,
Progress,progressMilestoneLabel30,One Month,,,,,,
Progress,progressMilestoneLabel60,Two Months,,,,,,
Progress,progressMilestoneLabel90,Three Months,,,,,,
Progress,progressMilestoneLabel100,100 Days,,,,,,
Progress,progressMilestoneLabel180,Six Months,,,,,,
Progress,progressMilestoneLabel365,One Year,,,,,,
Progress,progressMilestoneLabel730,Two Years,,,,,,
Progress,progressMilestoneLabel1095,Three Years,,,,,,
Insights,insightsTitle,Insights,,,,,,
Insights7,insights7DayView,7-day view,,,,,,
Milestone,milestoneScreenTitle,Milestones,,,,,,
Milestone,milestoneOneDay,One Day,,,,,,
Milestone,milestoneOneDayShort,1 Day,,,,,,
Milestone,milestoneOneDayBenefit,"One full day. Alcohol typically clears from the body within this window. For many people, tonight's sleep — though sometimes restless — feels different from the nights that came before.",,,,,,
Milestone,milestoneThreeDays,Three Days,,,,,,
Milestone,milestoneThreeDaysShort,3 Days,,,,,,
Milestone,milestoneThreeDaysBenefit,"Most alcohol metabolites have left your body. The brain's GABA system is recalibrating — this can bring restlessness, but it means your nervous system is finding its natural balance again. Hydration is improving.",,,,,,
Milestone,milestoneOneWeek,One Week,,,,,,
Milestone,milestoneOneWeekShort,1 Week,,,,,,
Milestone,milestoneOneWeekBenefit,"One full week. Many people start to notice sharper thinking, more natural energy, and better hydration around this stage. Your body has had a meaningful stretch of recovery time.",,,,,,
Milestone,milestoneTwoWeeks,Two Weeks,,,,,,
Milestone,milestoneTwoWeeksShort,2 Weeks,,,,,,
Milestone,milestoneTwoWeeksBenefit,"Two weeks. For many people, anxiety begins to stabilise and sleep deepens. The early-recovery storm often starts to soften here, though every person's timeline is different.",,,,,,
Milestone,milestoneOneMonth,One Month,,,,,,
Milestone,milestoneOneMonthShort,1 Month,,,,,,
Milestone,milestoneOneMonthBenefit,One month. Many people describe meaningful gains in clarity and emotional steadiness at this point. Cravings can become easier to observe without acting on them.,,,,,,
Milestone,milestoneTwoMonths,Two Months,,,,,,
Milestone,milestoneTwoMonthsShort,2 Months,,,,,,
Milestone,milestoneTwoMonthsBenefit,"Two months. Research suggests the prefrontal cortex — responsible for decisions, impulse control, and empathy — begins to recover meaningfully around this stage. Many people see improvements in cholesterol levels. You are physically and neurologically different from who you were.",,,,,,
Milestone,milestoneThreeMonths,Three Months,,,,,,
Milestone,milestoneThreeMonthsShort,3 Months,,,,,,
Milestone,milestoneThreeMonthsBenefit,"Three months. Skin can look clearer, sleep can feel deeper, and concentration often continues to sharpen. You have built real momentum.",,,,,,
Milestone,milestoneSixMonths,Six Months,,,,,,
Milestone,milestoneSixMonthsShort,6 Months,,,,,,
Milestone,milestoneSixMonthsBenefit,"Six months. Many people report that around this point, sobriety has begun to feel like part of who they are — not just a goal they're chasing.",,,,,,
Milestone,milestoneOneYear,One Year,,,,,,
Milestone,milestoneOneYearShort,1 Year,,,,,,
Milestone,milestoneOneYearBenefit,"One year. This is a profound milestone. Many people describe genuine, lasting changes in how they feel and how they relate to themselves. The cumulative gains of a year without alcohol are real — and they are yours.",,,,,,
Recovery,recoveryTitle,The Healing Timeline,,,,,,
Recovery,recoverySubtitle,How your mind and body are restoring themselves,,,,,,
Recovery,recoveryHeroLabel,YOUR BODY TODAY,,,,,,
Recovery,recoveryDaysSober,"{days, plural, =1{1 day sober} other{{days} days sober}}",{days},,,,,
Recovery,recoveryMilestonesReached,{achieved} of {total} milestones reached,"{achieved}, {total}",,,,,
Recovery,recoveryM1Label,12 Hours,,,,,,
Recovery,recoveryM1Title,The Reset Begins,,,,,,
Recovery,recoveryM1Body,"Your body begins adjusting to the absence of alcohol. Hydration, sleep pressure, blood sugar, and stress hormones may feel unsettled as your system begins to rebalance.",,,,,,
Recovery,recoveryM1System,Total Body,,,,,,
Recovery,recoveryM2Label,24 Hours,,,,,,
Recovery,recoveryM2Title,Restoring Rhythm,,,,,,
Recovery,recoveryM2Body,"For many people, the body's basic rhythms — heart rate, hydration, sleep — start to shift as it adjusts. This can feel calming for some and uncomfortable for others.",,,,,,
Recovery,recoveryM2System,Cardiovascular System,,,,,,
Recovery,recoveryM3Label,48 Hours,,,,,,
Recovery,recoveryM3Title,The Pivot Point,,,,,,
Recovery,recoveryM3Body,"For people who were drinking heavily, this can be one of the highest-risk windows for withdrawal symptoms. Your nervous system may feel overstimulated as it works to rebalance.",,,,,,
Recovery,recoveryM3System,Central Nervous System,,,,,,
Recovery,recoveryM4Label,3 Days,,,,,,
Recovery,recoveryM4Title,Clearing the System,,,,,,
Recovery,recoveryM4Body,"For many people, the most intense early physical adjustment begins to ease around this point, though recovery is individual and some symptoms can continue.",,,,,,
Recovery,recoveryM4System,Total Body,,,,,,
Recovery,recoveryM5Label,1 Week,,,,,,
Recovery,recoveryM5Title,Deepening Rest,,,,,,
Recovery,recoveryM5Body,"Restorative sleep often begins to return. Hydration, appetite, and daily energy may start to feel more stable, although sleep and mood can still fluctuate.",,,,,,
Recovery,recoveryM5System,Brain & Sleep Cycles,,,,,,
Recovery,recoveryM6Label,2 Weeks,,,,,,
Recovery,recoveryM6Title,Finding Balance,,,,,,
Recovery,recoveryM6Body,"Physical stamina may begin to return as sleep, appetite, hydration, and daily rhythm become more stable.",,,,,,
Recovery,recoveryM6System,Energy & Digestion,,,,,,
Recovery,recoveryM7Label,1 Month,,,,,,
Recovery,recoveryM7Title,Meaningful Relief,,,,,,
Recovery,recoveryM7Body,"Your body has had a meaningful stretch of relief from the strain of alcohol. Many people notice steadier energy, clearer thinking, and improved sleep around this stage.",,,,,,
Recovery,recoveryM7System,Liver & Vital Organs,,,,,,
Recovery,recoveryM8Label,3 Months,,,,,,
Recovery,recoveryM8Title,Restoring Joy,,,,,,
Recovery,recoveryM8Body,"Your body may feel more resilient as sleep, nourishment, movement, and reduced alcohol strain begin working together.",,,,,,
Recovery,recoveryM8System,Neurochemistry,,,,,,
Recovery,recoveryM9Label,6 Months,,,,,,
Recovery,recoveryM9Title,True Resilience,,,,,,
Recovery,recoveryM9Body,"Many people notice a steadier baseline by this stage. Stress may feel more manageable, sleep may feel more reliable.",,,,,,
Recovery,recoveryM9System,Nervous System,,,,,,
Recovery,recoveryM10Label,1 Year,,,,,,
Recovery,recoveryM10Title,A New Baseline,,,,,,
Recovery,recoveryM10Body,"For many people, the long-term load on energy, sleep, and mood is meaningfully lighter after a year without alcohol.",,,,,,
Recovery,recoveryM10System,Whole Body,,,,,,
Recovery,recoveryM11Label,2 Years & Beyond,,,,,,
Recovery,recoveryM11Title,Lasting Vitality,,,,,,
Recovery,recoveryM11Body,"The benefits of reduced alcohol strain can continue to deepen over time, supporting your body, mind, relationships, and daily sense of stability.",,,,,,
Recovery,recoveryM11System,Whole Body Renewal,,,,,,
Emergency,emergencyHomeTitle,Calm Toolkit,,,,,,
Emergency,emergencyHomeSubtitle,What do you need right now?,,,,,,
Emergency,emergencyBreathingTitle,Breathing,,,,,,
Emergency,emergencyMeditationTitle,Meditation,,,,,,
Emergency,emergencyCBTTitle,CBT Guides,,,,,,
Emergency,emergencyReasonsTitle,My Reasons,,,,,,
Emergency,emergencyHALTTitle,HALT Check,,,,,,
Emergency,emergencyUrgeTimerTitle,Urge Timer,,,,,,
Emergency,emergencyPlayTapeTitle,Play the Tape,,,,,,
Emergency,emergencyMindfulnessTitle,Mindfulness,,,,,,
Breath,breathPatternBoxName,Box,,,,,,
Breath,breathPatternBoxDesc,Equal sides — focus and calm,,,,,,
Breath,breathPattern478Name,4-7-8,,,,,,
Breath,breathPattern478Desc,Deep relaxation and sleep,,,,,,
Breath,breathPatternCalmName,Calm,,,,,,
Breath,breathPatternCalmDesc,Quick anxiety reset,,,,,,
Breath,breathPatternPowerName,Power,,,,,,
Breath,breathPatternPowerDesc,Energy and alertness,,,,,,
Breath,breathPatternResetName,Reset,,,,,,
Breath,breathPatternResetDesc,Instant stress relief,,,,,,
Breath,breathPatternTriangleName,Triangle,,,,,,
Breath,breathPatternTriangleDesc,Simple three-phase balance,,,,,,
Breath,breathPatternAnchorName,Anchor,,,,,,
Breath,breathPatternAnchorDesc,Grounding in difficult moments,,,,,,
Breath,breathPatternRescueName,Rescue,,,,,,
Breath,breathPatternRescueDesc,Panic and high anxiety,,,,,,
Breath,breathPatternOceanName,Ocean,,,,,,
Breath,breathPatternOceanDesc,Wave-like natural rhythm,,,,,,
Breath,breathPatternMorningName,Morning,,,,,,
Breath,breathPatternMorningDesc,Wake up and energise,,,,,,
Breath,breathPatternCoherentName,Coherent,,,,,,
Breath,breathPatternCoherentDesc,Heart-rate variability balance,,,,,,
Breath,breathPattern628Name,6-2-8,,,,,,
Breath,breathPattern628Desc,Deep parasympathetic activation,,,,,,
Breath,breathPatternSquarePlusName,Square+,,,,,,
Breath,breathPatternSquarePlusDesc,Extended box for deep calm,,,,,,
Breath,breathPatternWarriorName,Warrior,,,,,,
Breath,breathPatternWarriorDesc,Strength and determination,,,,,,
Breath,breathPatternNightName,Night,,,,,,
Breath,breathPatternNightDesc,Pre-sleep wind-down,,,,,,
Breath,breathPhaseInhale,Inhale,,,,,,
Breath,breathPhaseHold,Hold,,,,,,
Breath,breathPhaseExhale,Exhale,,,,,,
Breath,breathCycleCount,{count} cycles,{count},,,,,
Cbt,cbtGuide0Title,Challenge the Thought,,,,,,
Cbt,cbtGuide0Step0,Write down the thought that's troubling you.,,,,,,
Cbt,cbtGuide0Step1,Ask: Is this thought based on fact or feeling?,,,,,,
Cbt,cbtGuide0Step2,What evidence supports this thought? What contradicts it?,,,,,,
Cbt,cbtGuide0Step3,What would you say to a friend having this thought?,,,,,,
Cbt,cbtGuide0Step4,Write a more balanced version of the thought.,,,,,,
Cbt,cbtGuide0Step5,Notice how you feel after reframing it.,,,,,,
Cbt,cbtGuide1Title,Surf the Urge,,,,,,
Cbt,cbtGuide1Step0,"Recognise the urge — name it: ""I notice a craving.""",,,,,,
Cbt,cbtGuide1Step1,Don't fight it. Observe it like a wave.,,,,,,
Cbt,cbtGuide1Step2,Notice where you feel it in your body.,,,,,,
Cbt,cbtGuide1Step3,Breathe slowly. The wave will peak and pass.,,,,,,
Cbt,cbtGuide1Step4,Remind yourself: urges always pass within 20–30 minutes.,,,,,,
Cbt,cbtGuide2Title,Cost-Benefit Check,,,,,,
Cbt,cbtGuide2Step0,List the short-term benefits of drinking.,,,,,,
Cbt,cbtGuide2Step1,List the short-term costs of drinking.,,,,,,
Cbt,cbtGuide2Step2,List the long-term benefits of staying sober.,,,,,,
Cbt,cbtGuide2Step3,List the long-term costs of drinking.,,,,,,
Cbt,cbtGuide2Step4,Which column weighs more to your future self?,,,,,,
Cbt,cbtGuide3Title,Trigger Action Plan,,,,,,
Cbt,cbtGuide3Step0,"Identify the trigger: person, place, feeling, or time.",,,,,,
Cbt,cbtGuide3Step1,What has worked before in similar moments?,,,,,,
Cbt,cbtGuide3Step2,Who can you call or text right now?,,,,,,
Cbt,cbtGuide3Step3,What activity can you do for the next 20 minutes?,,,,,,
Cbt,cbtGuide3Step4,"Write your commitment: ""When X happens, I will Y.""",,,,,,
Cbt,cbtGuide4Title,Identity Shift,,,,,,
Cbt,cbtGuide4Step0,Describe the person you are becoming.,,,,,,
Cbt,cbtGuide4Step1,What values guide that person?,,,,,,
Cbt,cbtGuide4Step2,What would that person do right now?,,,,,,
Cbt,cbtGuide4Step3,"Write: ""I am someone who...""",,,,,,
Cbt,cbtGuide4Step4,Act from that identity for the next hour.,,,,,,
Halt,haltH,H,,,,,,
Halt,haltHungry,Hungry,,,,,,
Halt,haltHungryAdvice,Eat something nourishing before making any decisions.,,,,,,
Halt,haltA,A,,,,,,
Halt,haltAngry,Angry,,,,,,
Halt,haltAngryAdvice,Breathe first. Anger distorts judgment. Pause for 10 minutes.,,,,,,
Halt,haltL,L,,,,,,
Halt,haltLonely,Lonely,,,,,,
Halt,haltLonelyAdvice,Reach out to one person. Connection is medicine.,,,,,,
Halt,haltT,T,,,,,,
Halt,haltTired,Tired,,,,,,
Halt,haltTiredAdvice,Rest before responding. Exhaustion lowers your defenses.,,,,,,
Mindful0,mindful0Title,5-4-3-2-1,,,,,,
Mindful0,mindful0Desc,"5 things you can see, 4 you can touch, 3 you can hear, 2 you can smell, 1 you can taste.",,,,,,
Mindful1,mindful1Title,One Breath,,,,,,
Mindful1,mindful1Desc,"Take the longest, slowest breath of your day right now. Feel your lungs expand fully.",,,,,,
Mindful2,mindful2Title,Body Check,,,,,,
Mindful2,mindful2Desc,"Starting from your feet, slowly scan upward. Notice tension without judging it.",,,,,,
Mindful3,mindful3Title,The Observer,,,,,,
Mindful3,mindful3Desc,"Step back from your thoughts. Watch them like clouds passing — you are the sky, not the clouds.",,,,,,
Mindful4,mindful4Title,Label It,,,,,,
Mindful4,mindful4Desc,"Name what you're feeling: ""Anxiety is here."" Naming it reduces its power.",,,,,,
Mindful5,mindful5Title,Present Anchor,,,,,,
Mindful5,mindful5Desc,Press your feet into the floor. Feel the weight of your body. You are here. You are safe.,,,,,,
Crisis,crisisTitle,Crisis Lines,,,,,,
Crisis,crisisTooltipBack,Back,,,,,,
Crisis,crisisEmergencyHeadline,In immediate danger? Call emergency services,,,,,,
Crisis,crisisWithdrawalTitle,Alcohol withdrawal can be dangerous,,,,,,
Crisis,crisisWithdrawalTapHint,Tap to see warning signs,,,,,,
Crisis,crisisSectionHeader,CRISIS LINES,,,,,,
Crisis,crisisSeekMedical,Seek immediate medical attention if you experience:,,,,,,
Crisis,crisisCallEmergency,"If you experience any of these, call emergency services immediately. Do not try to manage alone.",,,,,,
Crisis,crisisTooltipCall,Call,,,,,,
Crisis,crisisTooltipCopy,Copy,,,,,,
Crisis,crisisLinesCount,"{count, plural, =1{1 line} other{{count} lines}}",{count},,,,,
Crisis,crisisWithdrawal0,Seizures or convulsions,,,,,,
Crisis,crisisWithdrawal1,Hallucinations (seeing or hearing things),,,,,,
Crisis,crisisWithdrawal2,Severe tremors (whole-body shaking),,,,,,
Crisis,crisisWithdrawal3,Confusion or disorientation,,,,,,
Crisis,crisisWithdrawal4,High fever (above 38.5 C / 101 F),,,,,,
Crisis,crisisWithdrawal5,Rapid heart rate (above 100 bpm),,,,,,
Crisis,crisisWithdrawal6,Extreme sweating or clamminess,,,,,,
Settings,settingsTitle,Profile,,,,,,
Settings,settingsYourName,Your name,,,,,,
Settings,settingsNameHint,e.g. Alex,,,,,,
Settings,settingsSavingsGoalDialogTitle,Savings goal,,,,,,
Settings,settingsGoalNameHint,Goal name (e.g. Holiday),,,,,,
Settings,settingsTargetAmountHint,Target amount,,,,,,
Settings,settingsEmergencyContactDialogTitle,Emergency contact,,,,,,
Settings,settingsContactNameHint,Name,,,,,,
Settings,settingsContactPhoneHint,Phone number,,,,,,
Settings,settingsSoberDateLabel,Sober date,,,,,,
Settings,settingsDailySpendLabel,Daily spend,,,,,,
Settings,settingsLockMethodLabel,App lock,,,,,,
Settings,settingsNotificationsLabel,Notifications,,,,,,
Settings,settingsPrivacyLabel,Privacy policy,,,,,,
Settings,settingsBackupLabel,Backup & restore,,,,,,
Settings,settingsHistoryLabel,Full history,,,,,,
Settings,settingsInsightsLabel,Insights,,,,,,
Settings,settingsGroupsLabel,Support groups,,,,,,
Settings,settingsHeatmapLabel,Activity heatmap,,,,,,
Settings,settingsWeeklyGoalsLabel,Weekly goals,,,,,,
Settings,settingsMyReasonsLabel,My reasons,,,,,,
Settings,settingsSavingsGoalLabel,Savings goal,,,,,,
Settings,settingsEmergencyContactLabel,Emergency contact,,,,,,
Settings,settingsChangePinLabel,Change PIN,,,,,,
Groups,groupsTitle,Support Groups,,,,,,
Groups,groupsSubtitle,You don't have to do this alone,,,,,,
Groups,groupsIntroNote,Peer support is one of the strongest predictors of long-term recovery. Tap any group to visit their website.,,,,,,
Groups,groupsVisitWebsite,Visit website,,,,,,
Group,groupAaName,Alcoholics Anonymous,,,,,,
Group,groupAaTagline,AA,,,,,,
Group,groupAaDesc,The original peer-led fellowship. Meetings worldwide — in-person and online. Based on 12 steps and mutual support. Free and anonymous.,,,,,,
Group,groupAaApproach,12-step · Peer support · Spiritual,,,,,,
Group,groupAaRegions,Worldwide · South Africa: aa.org.za,,,,,,
Group,groupSmartName,SMART Recovery,,,,,,
Group,groupSmartTagline,Self-Management & Recovery Training,,,,,,
Group,groupSmartDesc,Science-based alternative to 12-step. Uses CBT and motivational techniques. No spiritual component required. In-person and online meetings globally.,,,,,,
Group,groupSmartApproach,CBT-based · Evidence-based · Non-spiritual,,,,,,
Group,groupSmartRegions,Worldwide · South Africa: smartrecovery.org.za,,,,,,
Group,groupNaName,Narcotics Anonymous,,,,,,
Group,groupNaTagline,NA,,,,,,
Group,groupNaDesc,Peer-led 12-step fellowship for people recovering from drug addiction. Meetings in most cities and online. Free and welcoming to all.,,,,,,
Group,groupNaApproach,12-step · Peer support · Drug-focused,,,,,,
Group,groupNaRegions,Worldwide,,,,,,
History,historyTitle,History,,,,,,
History,historyToday,Today,,,,,,
History,historyYesterday,Yesterday,,,,,,
History,historySearchHint,Search entries…,,,,,,
History,historyFilterAll,All,,,,,,
History,historyFilterJournal,Journal,,,,,,
History,historyFilterGratitude,Gratitude,,,,,,
History,historyFilterCravings,Cravings,,,,,,
History,historyFilterThoughts,Thoughts,,,,,,
History,historyFilterActivity,Activity,,,,,,
History,historyFilterSleep,Sleep,,,,,,
History,historyFilterSlips,Slips,,,,,,
History,historyEmpty,No entries yet,,,,,,
History,historyEmptySub,Your logs will appear here as you use the app.,,,,,,
History,historyMoodGreat,Great,,,,,,
History,historyMoodGood,Good,,,,,,
History,historyMoodOkay,Okay,,,,,,
History,historyMoodHard,Hard day,,,,,,
History,historyMoodCrisis,Crisis,,,,,,
Puzzle,puzzleTitle,Calm Activities,,,,,,
Puzzle,puzzleActivity0Label,Slow Count,,,,,,
Puzzle,puzzleActivity0Desc,Count backwards — it interrupts anxious thought loops.,,,,,,
Puzzle,puzzleActivity0Duration,2 – 5 min,,,,,,
Puzzle,puzzleActivity1Label,Gratitude Shuffle,,,,,,
Puzzle,puzzleActivity1Desc,Tap for a new gratitude prompt until one lands.,,,,,,
Puzzle,puzzleActivity1Duration,2 min,,,,,,
Puzzle,puzzleActivity2Label,Memory Match,,,,,,
Puzzle,puzzleActivity2Desc,Flip cards to find pairs. Focusing the mind calms it.,,,,,,
Puzzle,puzzleActivity2Duration,5 min,,,,,,
Puzzle,puzzleActivity3Label,Strength Compass,,,,,,
Puzzle,puzzleActivity3Desc,Rate your recovery strengths and see where you are today.,,,,,,
Puzzle,puzzleActivity3Duration,3 min,,,,,,
Puzzle,puzzleActivity4Label,Now Moment,,,,,,
Puzzle,puzzleActivity4Desc,Notice · Feel · Choose — a mindful 60-second reset.,,,,,,
Puzzle,puzzleActivity4Duration,1 min,,,,,,
Cbt,cbtScreenTitle,Thought Reframe,,,,,,
Cbt,cbtStepIndicator,Step {step} of 4,{step},,,,,
Cbt,cbtStep0Title,What's the thought?,,,,,,
Cbt,cbtStep0Subtitle,"Write the automatic thought exactly as it appeared — raw, unfiltered. Don't judge it yet.",,,,,,
Cbt,cbtStep0HintText,"e.g. ""I've already ruined everything. What's the point?""",,,,,,
Cbt,cbtEducation,"CBT works by carefully examining the thoughts that drive distress — not to dismiss them, but to understand them more clearly.",,,,,,
Cbt,cbtStep1Title,Spot the pattern,,,,,,
Cbt,cbtStep1Subtitle,Does this thought follow a recognisable pattern? Tap the one that fits best.,,,,,,
Cbt,cbtDistortionAllOrNothing,All-or-nothing thinking,,,,,,
Cbt,cbtDistortionAllOrNothingExample,"""If I'm not perfect, I've completely failed.""",,,,,,
Cbt,cbtDistortionCatastrophising,Catastrophising,,,,,,
Cbt,cbtDistortionCatastrophisingExample,"""This will ruin everything forever.""",,,,,,
Cbt,cbtDistortionMindReading,Mind reading,,,,,,
Cbt,cbtDistortionMindReadingExample,"""Everyone must think I'm weak.""",,,,,,
Cbt,cbtDistortionEmotionalReasoning,Emotional reasoning,,,,,,
Cbt,cbtDistortionEmotionalReasoningExample,"""I feel hopeless, so the situation must be hopeless.""",,,,,,
Cbt,cbtDistortionShouldStatements,Should statements,,,,,,
Cbt,cbtDistortionShouldStatementsExample,"""I should be further along by now.""",,,,,,
Cbt,cbtDistortionPersonalisation,Personalisation,,,,,,
Cbt,cbtDistortionPersonalisationExample,"""This is all my fault.""",,,,,,
Cbt,cbtDistortionOvergeneralisation,Overgeneralisation,,,,,,
Cbt,cbtDistortionOvergeneralisationExample,"""This always happens to me.""",,,,,,
Cbt,cbtDistortionNoneOfAbove,None of the above,,,,,,
Cbt,cbtDistortionNoneOfAboveExample,The thought doesn't fit a specific pattern.,,,,,,
Cbt,cbtStep2Title,Test the evidence,,,,,,
Cbt,cbtStep2Subtitle,Look at the thought like a scientist. What's the actual evidence for and against it?,,,,,,
Cbt,cbtEvidenceForLabel,Evidence FOR the thought,,,,,,
Cbt,cbtEvidenceForHint,What facts support it? (It's ok if there are some.),,,,,,
Cbt,cbtEvidenceAgainstLabel,Evidence AGAINST the thought,,,,,,
Cbt,cbtEvidenceAgainstHint,What facts challenge it? What am I ignoring?,,,,,,
Cbt,cbtStep3Title,A more balanced view,,,,,,
Cbt,cbtStep3Subtitle,"Based on the evidence, write a thought that's more realistic and kind. It doesn't have to be positive — just fairer.",,,,,,
Cbt,cbtReframeHintText,"e.g. ""I've had a hard time, but I've also made real progress. One difficult moment doesn't erase that.""",,,,,,
Cbt,cbtOriginalThoughtLabel,Original thought,,,,,,
Cbt,cbtSummaryTitle,Your reframe,,,,,,
Cbt,cbtPatternIdentifiedLabel,Pattern identified,,,,,,
Cbt,cbtEvidenceForSummaryLabel,Evidence for,,,,,,
Cbt,cbtEvidenceAgainstSummaryLabel,Evidence against,,,,,,
Cbt,cbtStartOverButton,Start over,,,,,,
Cbt,cbtSaveToJournalButton,Save to journal,,,,,,
Cbt,cbtSavedTitle,Saved.,,,,,,
Cbt,cbtSavedMessage,That took courage. Questioning a thought is one of the most powerful things you can do.,,,,,,
Cbt,cbtReframeAnotherButton,Reframe another thought,,,,,,
Cbt,cbtNextButton,Next,,,,,,
Cbt,cbtReviewButton,Review,,,,,,
Heatmap,heatmapTitle,Activity Heatmap,,,,,,
Heatmap,heatmapSubtitle,13 weeks of your recovery journey,,,,,,
Heatmap,heatmapActiveDaysLabel,ACTIVE DAYS,,,,,,
Heatmap,heatmapActiveDaysCount,{active} of {total} days,"{active}, {total}",,,,,
Heatmap,heatmapWhatCountsLabel,WHAT COUNTS,,,,,,
Heatmap,heatmapCategoryJournal,Journal,,,,,,
Heatmap,heatmapCategoryCraving,Craving,,,,,,
Heatmap,heatmapCategoryActivity,Activity,,,,,,
Heatmap,heatmapCategorySleep,Sleep,,,,,,
Heatmap,heatmapNothingLogged,Nothing was logged this day.,,,,,,
Heatmap,heatmapIntensityFormat,Intensity {intensity}/10,{intensity},,,,,
Heatmap,heatmapActivityFormat,{activity} · {minutes} min,"{activity}, {minutes}",,,,,
Heatmap,heatmapSleepFormat,{hours}h · quality {quality}/5,"{hours}, {quality}",,,,,
Slip,slipSupportTitle,In this moment,,,,,,
Slip,slipSupportTemporary,This feeling is temporary.,,,,,,
Slip,slipSupportCravingWaves,"Cravings are like waves — they rise, they peak, and they pass. Most last 15 to 20 minutes. You don't have to act on this.",,,,,,
Slip,slipSupportHaltHeader,HALT CHECK,,,,,,
Slip,slipSupportHaltQuestion,Strong cravings are often signals for something else. Are you feeling any of these right now?,,,,,,
Slip,slipSupportHaltHungry,Hungry,,,,,,
Slip,slipSupportHaltAngry,Angry,,,,,,
Slip,slipSupportHaltLonely,Lonely,,,,,,
Slip,slipSupportHaltTired,Tired,,,,,,
Slip,slipSupportHaltAdviceHungry,Eat something small and nourishing.,,,,,,
Slip,slipSupportHaltAdviceAngry,Write it down or take a walk to release it.,,,,,,
Slip,slipSupportHaltAdviceLonely,Text or call someone you trust.,,,,,,
Slip,slipSupportHaltAdviceTired,Rest. Even a 10-minute lie-down helps.,,,,,,
Slip,slipSupportRideItOutHeader,RIDE IT OUT,,,,,,
Slip,slipSupportUrgeSurfingTitle,Urge surfing,,,,,,
Slip,slipSupportUrgeSurfingDesc,"Instead of fighting the craving, observe it like a wave you're riding. Notice where you feel it in your body. Breathe into it. Let it be there without acting on it.",,,,,,
Slip,slipSupportBoxBreathingTitle,Box breathing,,,,,,
Slip,slipSupportBoxBreathingInstructions,In for 4 · Hold for 4 · Out for 4 · Hold for 4. Repeat until the wave softens.,,,,,,
Slip,slipSupportRightNowHeader,RIGHT NOW,,,,,,
Slip,slipSupportThingsYouCanDo,Things you can do this minute,,,,,,
Slip,slipSupportDistraction0,Drink a glass of cold water,,,,,,
Slip,slipSupportDistraction1,Step outside for two minutes,,,,,,
Slip,slipSupportDistraction2,Call or text someone you trust,,,,,,
Slip,slipSupportDistraction3,Put on a song that shifts your mood,,,,,,
Slip,slipSupportDistraction4,Write down what you're feeling,,,,,,
Slip,slipSupportLogHeader,LOG THIS MOMENT,,,,,,
Slip,slipSupportRateCravingTitle,Rate this craving,,,,,,
Slip,slipSupportRateCravingDesc,Logging it helps you see patterns. You're not judged — just witnessed.,,,,,,
Slip,slipSupportIntensityMild,Mild,,,,,,
Slip,slipSupportIntensityIntense,Intense,,,,,,
Slip,slipSupportCravingIntensityFormat,{intensity} / 10,{intensity},,,,,
Slip,slipSupportLogCravingButton,Log craving,,,,,,
Slip,slipSupportCravingLoggedTitle,Craving logged.,,,,,,
Slip,slipSupportCravingLoggedMessage,You noticed it. You named it. That's the work.,,,,,,
Slip,slipSupportNeedToTalk,Need to talk to someone?,,,,,,
Slip,slipSupportCrisisLinesAvailable,Crisis lines are available 24/7.,,,,,,
Slip,slipSupportViewLinesButton,View lines,,,,,,
Slip,slipLogTitle,Slip Log,,,,,,
Slip,slipLogSubtitle,"Your journey, without judgment",,,,,,
Slip,slipLogInfoText,"Slips are information, not failure. Each record here is evidence that you kept going.",,,,,,
Slip,slipLogEmpty,No slips recorded,,,,,,
Slip,slipLogEmptySubtitle,Your recovery journey is continuing.,,,,,,
Slip,slipLogNoNote,No note recorded.,,,,,,
Slip,slipLogStreakBadge,"{count, plural, =1{1 day sober} other{{count} days sober}}",{count},,,,,
Backup,backupTitle,Backup & Restore,,,,,,
Backup,backupExportTitle,Export backup,,,,,,
Backup,backupExportDesc,"Save all your journal entries, gratitude logs, slip records, and profile data. Choose an encrypted backup (.jfwbk) protected by a passphrase, or a plain JSON file.",,,,,,
Backup,backupExportButton,Export now,,,,,,
Backup,backupRestoreTitle,Restore from backup,,,,,,
Backup,backupRestoreDesc,Pick a previously exported backup file. Your current data will be fully replaced.,,,,,,
Backup,backupRestoreButton,Choose backup file,,,,,,
Backup,backupWhatsIncludedTitle,What's included,,,,,,
Backup,backupItemProfile,Profile & sober date,,,,,,
Backup,backupItemJournal,Journal entries,,,,,,
Backup,backupItemGratitude,Gratitude entries,,,,,,
Backup,backupItemSlipLog,Slip log,,,,,,
Backup,backupItemSecurity,Security setting,,,,,,
Backup,backupItemVisionBoard,Vision board,,,,,,
Backup,backupItemAffirmations,Custom affirmations,,,,,,
Backup,backupPrivacyWarning,"Encrypted backups (.jfwbk) require your passphrase to open. Plain JSON backups are unencrypted — store them somewhere only you can access. Restore fully replaces the data in this app — any entries you've made since the backup will be overwritten. Vision-board photos themselves aren't bundled into the backup file (only the references); if you restore on a new device, you may need to re-attach those images.",,,,,,
Backup,backupConfirmTitle,Restore backup?,,,,,,
Backup,backupConfirmMessage,This will replace your current data with the backup file. This cannot be undone.,,,,,,
Backup,backupExportFailed,Export failed. Please try again.,,,,,,
Backup,backupInvalidFile,This file is not a Journey Forward backup.,,,,,,
Backup,backupRestoreFailed,Restore failed — the file may be corrupted.,,,,,,
Backup,backupRestoredSuccess,Backup restored. Your app lock has been cleared — set a new PIN in Settings if needed. Restart to apply.,,,,,,
Privacy,privacyTitle,Privacy Policy,,,,,,
Privacy,privacyAbsoluteHeadline,Your privacy is absolute.,,,,,,
Privacy,privacyCommitment,Journey Forward stores everything on your device only. No data is ever sent to any server.,,,,,,
Privacy,privacyAllDataOnDevice,All data stays on your device,,,,,,
Privacy,privacyAllDataOnDeviceBody,"Every piece of information you enter — your sober date, journal entries, gratitude notes, slip records, and profile — is stored locally on your device using the operating system's standard app storage. Nothing is transmitted to any external server, cloud service, or third party at any time.",,,,,,
Privacy,privacyNoInternet,No internet connection required,,,,,,
Privacy,privacyNoInternetBody,"Journey Forward works fully offline. All fonts and assets are bundled inside the app. The app itself makes no network requests. If you tap a link to a crisis line, support group, or external resource, your device will open it in your system browser — outside of the app and subject to that site's own privacy policy.",,,,,,
Privacy,privacyNoAnalytics,No analytics or tracking,,,,,,
Privacy,privacyNoAnalyticsBody,"There are no analytics SDKs, crash reporters, or usage trackers in this app. We do not collect any data about how you use the app, how often you open it, or what features you use.",,,,,,
Privacy,privacyEmergencyContacts,Emergency contacts,,,,,,
Privacy,privacyEmergencyContactsBody,"If you add an emergency contact, their name and phone number are stored only on your device as part of your profile. This information is never shared, synced, or backed up automatically.",,,,,,
Privacy,privacyBackupRestore,Backup & restore,,,,,,
Privacy,privacyBackupRestoreBody,"When you export a backup, a file is created and shared via your device's share sheet — the same way you share photos. You can choose an encrypted backup (.jfwbk, protected by your passphrase) or a plain JSON file. Journey Forward does not receive or store this file. You control where it goes.",,,,,,
Privacy,privacyPINBiometric,PIN and biometric lock,,,,,,
Privacy,privacyPINBiometricBody,"If you enable a PIN, it is salted and run through a slow key-derivation hash (PBKDF2-style), then stored in your device's encrypted storage — never as plaintext. Biometric unlock uses your device's native biometric system; Journey Forward never accesses or stores your biometric data.",,,,,,
Privacy,privacyHowToDelete,How to delete your data,,,,,,
Privacy,privacyHowToDeleteBody,"To permanently delete all your data, simply uninstall the app. All data stored by Journey Forward is removed when the app is uninstalled. There is no account to delete because there is no account — only data on your device.",,,,,,
Privacy,privacyChildrenPrivacy,Children's privacy,,,,,,
Privacy,privacyChildrenPrivacyBody,Journey Forward is designed for adults aged 18 and over. The app is not directed at children and does not knowingly collect any information from anyone under the age of 18.,,,,,,
Privacy,privacyPolicyUpdates,Policy updates,,,,,,
Privacy,privacyPolicyUpdatesBody,"If this privacy policy changes, the update will be included in a new app version. Since we collect no data, changes will only reflect improvements in transparency or new features added to the app.",,,,,,
Weekly,weeklySummaryTitle,Weekly Care Summary,,,,,,
Weekly,weeklySummarySubtitle,A private summary to share with someone you trust.,,,,,,
Weekly,weeklySummaryThisWeek,This week,,,,,,
Weekly,weeklySummaryLastWeek,Last week,,,,,,
Weekly,weeklySummaryCustomRange,Custom range,,,,,,
Weekly,weeklySummaryCareRecorded,Care recorded,,,,,,
Weekly,weeklySummaryJournalEntries,Journal entries,,,,,,
Weekly,weeklySummaryCravingSupport,Craving support used,,,,,,
Weekly,weeklySummaryThoughtExercises,Thought exercises,,,,,,
Weekly,weeklySummaryMovement,Movement / activity,,,,,,
Weekly,weeklySummarySleepLogs,Sleep logs,,,,,,
Weekly,weeklySummaryDailyGratitude,Daily gratitude,,,,,,
Weekly,weeklySummaryDailyPledge,Daily pledge,,,,,,
Weekly,weeklySummaryReflection,Reflection,,,,,,
Weekly,weeklySummaryPrivacyNote,Privacy note,,,,,,
Weekly,weeklySummaryPrivacyNoteBody,This summary was created on your device and shared only because you chose to share it.,,,,,,
Weekly,weeklySummaryShareWarning,This summary may contain personal recovery information. Only share it with someone you trust.,,,,,,
Weekly,weeklySummarySharePdf,Share Summary,,,,,,
Weekly,weeklySummaryEdit,Edit,,,,,,
Weekly,weeklySummaryPdfError,Couldn't create the PDF right now. Please try again.,,,,,,
Weekly,weeklySummaryNoActivity,No care entries were recorded for this period. A quiet week still counts.,,,,,,
Weekly,weeklySummaryCareDays,"You returned to your care practices on {count} {count, plural, =1{day} other{days}} this week.",{count},,,,,
Weekly,weeklySummaryMostUsed,Most used support: {support},{support},,,,,
Weekly,weeklySummaryQuietWeek,A quiet week of showing up still counts.,,,,,,
Weekly,weeklySummaryAppName,Journey Forward,,,,,,
Safety,safetyModalTitle,Before you begin,,,,,,
Safety,safetyModalBody,"Journey Forward is a companion for your recovery — a private place to track, reflect, and find steadying tools. It is not a medical device and does not provide medical advice, diagnosis, or treatment.",,,,,,
Safety,safetyModalWithdrawal,"If you are stopping alcohol or certain medications, withdrawal can be medically serious. Please talk to a doctor or healthcare professional about doing it safely.",,,,,,
Safety,safetyModalCrisis,"And if you are ever in crisis, you deserve immediate human support — helplines are always one tap away.",,,,,,
Safety,safetyModalCrisisButton,View crisis helplines,,,,,,
Safety,safetyModalDismiss,I understand,,,,,,
Urge,urgeTimerTitle,Ride the Wave,,,,,,
Urge,urgeTimerSubtitle,"Urges feel overwhelming, then they pass — usually within minutes. You don't have to fight this one. Just stay with it.",,,,,,
Urge,urgeTimerPhaseRising,"Notice it like a wave — rising, cresting, falling.",,,,,,
Urge,urgeTimerPhaseCresting,You're not fighting it. You're outlasting it.,,,,,,
Urge,urgeTimerPhaseFalling,It's already losing strength. Stay with yourself.,,,,,,
Urge,urgeTimerImSteady,I'm steady now,,,,,,
Urge,urgeTimerOpenPlan,Open my plan,,,,,,
Urge,urgeTimerCompleteTitle,The wave passed,,,,,,
Urge,urgeTimerCompleteBody,"You stayed with it, and it passed. That's exactly how this is done.",,,,,,
Urge,urgeTimerWins,"{count, plural, =1{1 urge outlasted} other{{count} urges outlasted}}",{count},,,,,
Urge,urgeTimerDone,Done,,,,,,
Toolkit,toolkitUrgeCardTitle,Craving right now?,,,,,,
Toolkit,toolkitUrgeCardSubtitle,Ride the wave — most urges pass in minutes,,,,,,
Settings,settingsLanguage,Language,,Settings row label and dialog title for choosing the app language,,,,
Settings,settingsLanguageSystem,System default,,Language picker option: follow the device's language setting,,,,
Common,commonDelete,Delete,,Generic Delete button/action,,,,
Common,commonHours,"{count, plural, =1{1 hour} other{{count} hours}}",{count},A duration in hours,,,,
Meetings,meetingsTitle,Meetings,,Meetings screen title,,,,
Meetings,meetingsSubtitle,"Plan recovery meetings, sponsor calls, and therapy sessions. Get a quiet reminder before each one.",,Meetings screen subtitle,,,,
Meetings,meetingsNew,New meeting,,Button: create a new meeting,,,,
Meetings,meetingsAdd,Add meeting,,Button: add a meeting,,,,
Meetings,meetingsUpcoming,Upcoming,,Section header for future meetings (a count is appended after it),,,,
Meetings,meetingsPast,Past,,Section header for past meetings (a count is appended after it),,,,
Meetings,meetingsDeleteTitle,Delete meeting?,,Confirm dialog title when deleting a meeting,,,,
Meetings,meetingsDeleteBody,"This will remove ""{title}"" from your schedule.",{title},Confirm dialog body when deleting a meeting,,,,
Meetings,meetingsEmptyTitle,No meetings yet,,Empty state title on the meetings screen,,,,
Meetings,meetingsEmptyBody,"Tap ""New meeting"" to schedule your first one. We'll quietly remind you before it starts.",,Empty state body on the meetings screen,,,,
Meetings,meetingsEdit,Edit meeting,,Title of the editor sheet when editing an existing meeting,,,,
Meetings,meetingsFieldName,Name,,Meeting editor: name field label,,,,
Meetings,meetingsFieldDate,Date,,Meeting editor: date field label,,,,
Meetings,meetingsFieldTime,Time,,Meeting editor: time field label,,,,
Meetings,meetingsFieldWhere,Where (optional),,Meeting editor: location field label,,,,
Meetings,meetingsFieldNotes,Notes (optional),,Meeting editor: notes field label,,,,
Meetings,meetingsNameHint,e.g. AA Monday night,,Meeting editor: name field placeholder,,,,
Meetings,meetingsWhereHint,"Zoom, church hall, etc.",,Meeting editor: location field placeholder,,,,
Meetings,meetingsNotesHint,Anything to remember,,Meeting editor: notes field placeholder,,,,
Meetings,meetingsNameRequired,Please give your meeting a name,,Validation message when the meeting name is empty,,,,
Meetings,meetingsRemindToggle,Remind me before,,Meeting editor: reminder toggle label,,,,
Meetings,meetingsRemindOn,A quiet notification will fire {label} early.,{label},Meeting editor: reminder-on subtitle; {label} is a duration like '15 min',,,,
Meetings,meetingsRemindOff,No reminder will be sent.,,Meeting editor: reminder-off subtitle,,,,
Meetings,meetingsHowEarly,How early?,,Meeting editor: label above the reminder-timing chips,,,,
Meetings,meetingsSaveChanges,Save changes,,Button: save edits to an existing meeting,,,,
Meetings,meetingsReminderChip,🔔 {label} before,{label},Reminder chip on a meeting card; {label} is a duration like '15 min',,,,
